Название;Хиты всего;Файл
Рекрут Ордо Валлис;33;../content/enemies/01_Р РµРєСЂСѓС‚_РћСЂРґРѕ_Р’Р°Р»Р»РёСЃ.md
Отидж;114;../content/enemies/01_РћС‚РёРґР¶.md
Повстанец;9;../content/enemies/01_РџРѕРІСЃС‚Р°РЅРµС†.md
Огромное щупальце;60;../content/enemies/02_РћРіСЂРѕРјРЅРѕРµ_С‰СѓРїР°Р»СЊС†Рµ.md
Страж повстанцев;16;../content/enemies/02_РЎС‚СЂР°Р¶_РїРѕРІСЃС‚Р°РЅС†РµРІ.md
Страж Ордо Валлис;52;../content/enemies/02_РЎС‚СЂР°Р¶_РћСЂРґРѕ_Р’Р°Р»Р»РёСЃ.md
Рыцарь-легионер Ордо Валлис;150;../content/enemies/03_Р С‹С†Р°СЂСЊ_Р»РµРіРёРѕРЅРµСЂ_РћСЂРґРѕ_Р’Р°Р»Р»РёСЃ.md
Наблюдатель;39;../content/enemies/03_РќР°Р±Р»СЋРґР°С‚РµР»СЊ.md
Наёмник — воин;39;../content/enemies/03_РќР°С‘РјРЅРёРє_РІРѕРёРЅ.md
Рой крыс;24;../content/enemies/04_Р РѕР№_РєСЂС‹СЃ.md
Наёмница — варвар;52;../content/enemies/04_РќР°С‘РјРЅРёС†Р°_РІР°СЂРІР°СЂ.md
Шпион-головорез;58;../content/enemies/05_РЁРїРёРѕРЅ_РіРѕР»РѕРІРѕСЂРµР·.md
Гигантский крокодил;85;../content/enemies/05_Р“РёРіР°РЅС‚СЃРєРёР№_РєСЂРѕРєРѕРґРёР».md
